STATION,lat,lon,wiki
WHITEHALL STREET,40.7025,-74.0128,https://en.wikipedia.org/wiki/South_Ferry/Whitehall_Street_(New_York_City_Subway)
CYPRESS HILLS,40.68972,-73.87306,https://en.wikipedia.org/wiki/Cypress_Hills_(BMT_Jamaica_Line)
75TH STREET & ELDERTS LANE,40.691427,-73.866572,https://en.wikipedia.org/wiki/75th_Avenue_(IND_Queens_Boulevard_Line)
85TH STREET & FOREST PKWAY,40.7806,-73.9604,https://en.wikipedia.org/wiki/85th_Street_(Manhattan)
WOODHAVEN BOULEVARD,40.693931,-73.851418,https://en.wikipedia.org/wiki/Woodhaven_Boulevard_station_(BMT_Jamaica_Line)
104TH STREET,40.695184,-73.843231,https://en.wikipedia.org/wiki/104th_Street_(BMT_Jamaica_Line)
111TH STREET,40.697351,-73.836348,https://en.wikipedia.org/wiki/111th_Street_station_(BMT_Jamaica_Line)
121ST STREET,40.700357,-73.82894,https://en.wikipedia.org/wiki/121st_Street_(BMT_Jamaica_Line)
42ND STREET & 8TH AVENUE,40.75724,-73.9898,
34TH STREET & 8TH AVENUE,40.752164,-73.993672,
FULTON STREET,40.7102056,-74.0077444,https://en.wikipedia.org/wiki/Fulton_Street_(New_York_City_Subway)
FIFTH AVENUE,40.764779,-73.972621,https://en.wikipedia.org/wiki/Fifth_Avenue%E2%80%9359th_Street_(BMT_Broadway_Line)
LEXINGTON AVENUE,40.75773,-73.969082,https://en.wikipedia.org/wiki/Lexington_Avenue%E2%80%9363rd_Street_(63rd_Street_lines)
ROOSEVELT AVE/JACKSON HTS,40.74667,-73.89111,https://en.wikipedia.org/wiki/Jackson_Heights%E2%80%93Roosevelt_Avenue/74th_Street_(New_York_City_Subway)
179TH STREET & HILLSIDE AVE,40.712459,-73.78448,https://en.wikipedia.org/wiki/Jamaica%E2%80%93179th_Street_(IND_Queens_Boulevard_Line)
47-50 STREETS/ROCKEFELLER,40.758603,-73.981376,https://en.wikipedia.org/wiki/47th%E2%80%9350th_Streets%E2%80%93Rockefeller_Center_(IND_Sixth_Avenue_Line)
42ND STREET & 6TH AVENUE,40.754848,-73.9841,
34TH STREET & 6TH AVENUE,40.749786,-73.987753,
SUTPHIN BOULEVARD,40.700488,-73.80774,https://en.wikipedia.org/wiki/Sutphin_Boulevard%E2%80%93Archer_Avenue%E2%80%93JFK_Airport_(Archer_Avenue_lines)
JAMAICA CENTER-PARSONS BLVD,40.702407,-73.799973,https://en.wikipedia.org/wiki/Jamaica_Center%E2%80%93Parsons/Archer_(Archer_Avenue_lines)
WALL STREET,40.706311,-74.009528,https://en.wikipedia.org/wiki/Wall_Street_(IRT_Broadway%E2%80%93Seventh_Avenue_Line)
FULTON & WILLIAM STREETS,40.709576,-74.006463,
PARK PLACE,40.713292,-74.009293,https://en.wikipedia.org/wiki/Park_Place_(BMT_Franklin_Avenue_Line)
CHAMBERS STREET,40.715466,-74.0092,https://en.wikipedia.org/wiki/Brooklyn_Bridge%E2%80%93City_Hall/Chambers_Street_(New_York_City_Subway)
34TH STREET & 7TH AVENUE,40.751143,-73.990695,
42ND STREET/TIMES SQUARE,40.756,-73.987,https://en.wikipedia.org/wiki/Times_Square%E2%80%9342nd_Street/Port_Authority_Bus_Terminal_(New_York_City_Subway)
125TH STREET & BROADWAY,40.815796,-73.958384,
168TH STREET & BROADWAY,40.841022,-73.939791,https://en.wikipedia.org/wiki/168th_Street_(New_York_City_Subway)
DYCKMAN STREET,40.861,-73.925,https://en.wikipedia.org/wiki/Dyckman_Street_(IRT_Broadway%E2%80%93Seventh_Avenue_Line)
207TH STREET,40.867672,-73.921165,https://en.wikipedia.org/wiki/Inwood%E2%80%93207th_Street_(IND_Eighth_Avenue_Line)
215TH STREET,40.869473,-73.915074,https://en.wikipedia.org/wiki/215th_Street_(IRT_Broadway%E2%80%93Seventh_Avenue_Line)
225TH STREET,40.874,-73.91,https://en.wikipedia.org/wiki/Marble_Hill%E2%80%93225th_Street_(IRT_Broadway%E2%80%93Seventh_Avenue_Line)
231ST STREET,40.879,-73.905,https://en.wikipedia.org/wiki/231st_Street_(IRT_Broadway%E2%80%93Seventh_Avenue_Line)
BOWLING GREEN & BATTERY PL,40.704593,-74.014229,
BOWLING GREEN & BROADWAY,40.704933,-74.013675,
BROOKLYN BRIDGE,40.71278,-74.00472,https://en.wikipedia.org/wiki/Brooklyn_Bridge%E2%80%93City_Hall/Chambers_Street_(New_York_City_Subway)
42ND STREET & GRAND CENTRAL,40.752126,-73.977675,
42ND STREET & 3RD AVENUE,40.750773,-73.974464,
51ST STREET & LEXINGTON AVE,40.757122,-73.971906,
59TH STREET & LEXINGTON AVE,40.762226,-73.968181,
WOODLAWN ROAD,40.886005,-73.878808,https://en.wikipedia.org/wiki/Woodlawn_(IRT_Jerome_Avenue_Line)
149TH STREET & 3RD AVENUE,40.81605,-73.917947,https://en.wikipedia.org/wiki/149th_Street%E2%80%93Grand_Concourse_(New_York_City_Subway)
FIFTH AVENUE & 42ND STREET,40.753617,-73.980927,
MAIN STREET,40.7595222,-73.8303167,https://en.wikipedia.org/wiki/Flushing%E2%80%93Main_Street_(IRT_Flushing_Line)
NEVINS STREET,40.688709,-73.980904,https://en.wikipedia.org/wiki/Nevins_Street_(IRT_Eastern_Parkway_Line)
BARCLAYS CENTER,40.684462,-73.978758,https://en.wikipedia.org/wiki/Atlantic_Avenue%E2%80%93Barclays_Center_(New_York_City_Subway)
BERGEN STREET,40.680874,-73.975196,https://en.wikipedia.org/wiki/Bergen_Street_(IND_Culver_Line)
GRAND ARMY PLAZA,40.674584,-73.970518,https://en.wikipedia.org/wiki/Grand_Army_Plaza_(IRT_Eastern_Parkway_Line)
EASTERN PARKWAY,40.671622,-73.96275,https://en.wikipedia.org/wiki/Eastern_Parkway%E2%80%93Brooklyn_Museum_(IRT_Eastern_Parkway_Line)
NOSTRAND AVENUE,40.67845,-73.9494,https://en.wikipedia.org/wiki/Nostrand_Avenue_station_(LIRR)
UTICA AVENUE,40.669343,-73.93192,https://en.wikipedia.org/wiki/Utica_Avenue_(IND_Fulton_Street_Line)
SUTTER AVENUE,40.664884,-73.922882,https://en.wikipedia.org/wiki/Sutter_Avenue%E2%80%93Rutland_Road_(IRT_New_Lots_Line)
SARATOGA AVENUE,40.661531,-73.915586,https://en.wikipedia.org/wiki/Saratoga_Avenue_(IRT_New_Lots_Line)
ROCKAWAY AVENUE,40.67823,-73.910823,https://en.wikipedia.org/wiki/Rockaway_Avenue_(IND_Fulton_Street_Line)
JUNIUS STREET,40.663615,-73.90151,https://en.wikipedia.org/wiki/Junius_Street_(IRT_New_Lots_Line)
PENNSYLVANIA AVENUE,40.664722,-73.894129,https://en.wikipedia.org/wiki/Pennsylvania_Avenue_(IRT_New_Lots_Line)
VAN SICLEN AVENUE,40.665535,-73.888593,https://en.wikipedia.org/wiki/Van_Siclen_Avenue_(IRT_New_Lots_Line)
NEW LOTS AVENUE,40.666382,-73.882585,https://en.wikipedia.org/wiki/New_Lots_Avenue_(IRT_New_Lots_Line)
ST GEORGE TERMINAL,40.64333,-74.07417,https://en.wikipedia.org/wiki/St._George_Terminal
34TH STREET - HUDSON YARDS,40.7558389,-74.0019611,https://en.wikipedia.org/wiki/34th_Street%E2%80%93Hudson_Yards_(IRT_Flushing_Line)
FIFTH AVENUE & 60TH STREET,40.764909,-73.972554,
57TH STREET & 7TH AVENUE,40.765461,-73.980088,https://en.wikipedia.org/wiki/57th_Street%E2%80%93Seventh_Avenue_station
49TH STREET & 7TH AVENUE,40.760423,-73.983779,https://en.wikipedia.org/wiki/49th_Street_(BMT_Broadway_Line)
28TH STREET & BROADWAY,40.745298,-73.988772,https://en.wikipedia.org/wiki/28th_Street_(IRT_Lexington_Avenue_Line)
23RD STREET & 5TH AVENUE,40.741274,-73.989052,https://en.wikipedia.org/wiki/23rd_Street_(Manhattan)
59TH STREET/COLUMBUS CIRCLE,40.767997,-73.981934,https://en.wikipedia.org/wiki/59th_Street%E2%80%93Columbus_Circle_(New_York_City_Subway)
8TH STREET & BROADWAY,40.73058,-73.992418,
PRINCE STREET & BROADWAY,40.724202,-73.997812,https://en.wikipedia.org/wiki/Prince_Street_(BMT_Broadway_Line)
CITY HALL,40.71326,-74.00671,https://en.wikipedia.org/wiki/City_Hall_(IRT_Lexington_Avenue_Line)
CORTLANDT STREET,40.710996,-74.010753,https://en.wikipedia.org/wiki/WTC_Cortlandt_(IRT_Broadway%E2%80%93Seventh_Avenue_Line)
JAY ST-METROTECH,40.6936806,-73.9872333,https://en.wikipedia.org/wiki/Jay_Street%E2%80%93MetroTech_(New_York_City_Subway)
36TH AVENUE & 31ST STREET,40.756555,-73.929791,https://en.wikipedia.org/wiki/36th_Avenue_(BMT_Astoria_Line)
30TH AVENUE & 31ST STREET,40.766859,-73.921423,https://en.wikipedia.org/wiki/30th_Avenue_(BMT_Astoria_Line)
ASTORIA BLVD & 31ST STREET,40.769891,-73.918268,https://en.wikipedia.org/wiki/Astoria_Boulevard_station
DITMARS BLVD & 31ST STREET,40.776137,-73.910709,https://en.wikipedia.org/wiki/Astoria%E2%80%93Ditmars_Boulevard_station
82ND STREET-JACKSON HEIGHTS,40.7476306,-73.8838278,https://en.wikipedia.org/wiki/82nd_Street%E2%80%93Jackson_Heights_(IRT_Flushing_Line)
JUNCTION BLVD-ROOSEVELT AVE,40.749175,-73.8690972,https://en.wikipedia.org/wiki/Junction_Boulevard_(IRT_Flushing_Line)
CHURCH AVENUE,40.649606,-73.963308,https://en.wikipedia.org/wiki/Church_Avenue_(IND_Culver_Line)
DEKALB AVENUE,40.690254,-73.982277,https://en.wikipedia.org/wiki/DeKalb_Avenue_(BMT_lines)
METROPOLITAN AVENUE,40.712752,-73.951464,https://en.wikipedia.org/wiki/Metropolitan_Avenue/Lorimer_Street_(New_York_City_Subway)
145TH STREET,40.82404,-73.944769,https://en.wikipedia.org/wiki/145th_Street_station_(IND_lines)
125TH STREET,40.8052,-73.939,https://en.wikipedia.org/wiki/Harlem%E2%80%93125th_Street_station
BROADWAY-EAST NEW YORK,40.6789194,-73.9034528,https://en.wikipedia.org/wiki/Broadway_Junction_(New_York_City_Subway)
14TH STREET & 7TH AVENUE,40.738553,-73.999682,
CASTLE HILL AVENUE,40.834139,-73.851686,https://en.wikipedia.org/wiki/Castle_Hill_Avenue_(IRT_Pelham_Line)
WESTCHESTER SQUARE,40.840567,-73.842072,https://en.wikipedia.org/wiki/Westchester_Square%E2%80%93East_Tremont_Avenue_(IRT_Pelham_Line)
BOROUGH HALL - COURT STREET,40.693655,-73.990216,https://en.wikipedia.org/wiki/Borough_Hall/Court_Street_(New_York_City_Subway)
CHURCH AVENUE & NOSTRAND AV,40.650775,-73.949574,https://en.wikipedia.org/wiki/Church_Avenue_(IND_Culver_Line)
FLATBUSH AVE & NOSTRAND AV,40.632809,-73.947652,
23RD STREET & 8TH AVENUE,40.745512,-73.998634,https://en.wikipedia.org/wiki/23rd_Street_(Manhattan)
FORDHAM RD/GRAND CONCOURSE,40.862414,-73.897133,https://en.wikipedia.org/wiki/Fordham_Road_(IND_Concourse_Line)
SEVENTH AVENUE & WEST 53RD,40.762979,-73.981888,
PARSONS BLVD & HILLSIDE AV,40.70771,-73.802762,https://en.wikipedia.org/wiki/Parsons_Boulevard_(IND_Queens_Boulevard_Line)
169TH STREET & HILLSIDE AVE,40.710638,-73.793063,https://en.wikipedia.org/wiki/169th_Street_(IND_Queens_Boulevard_Line)
50TH STREET & 7TH AVENUE,40.761095,-73.983261,https://en.wikipedia.org/wiki/50th_Street_station_(IRT_Broadway%E2%80%93Seventh_Avenue_Line)
242ND STREET & BROADWAY,40.889222,-73.898583,https://en.wikipedia.org/wiki/Van_Cortlandt_Park%E2%80%93242nd_Street_(IRT_Broadway%E2%80%93Seventh_Avenue_Line)
CANAL STREET,40.71806,-74.0,https://en.wikipedia.org/wiki/Canal_Street_(New_York_City_Subway)
FORDHAM ROAD & JEROME AVE,40.862761,-73.901053,https://en.wikipedia.org/wiki/Fordham_Road_station_(IRT_Jerome_Avenue_Line)
MORRISON AVE & WESTCHESTER,40.829495,-73.874474,https://en.wikipedia.org/wiki/Morrison_Avenue%E2%80%93Soundview_(IRT_Pelham_Line)
QUEENSBORO PLAZA,40.7506528,-73.9403444,https://en.wikipedia.org/wiki/Queensboro_Plaza_(New_York_City_Subway)
90TH STREET/ELMHURST AVENUE,40.74833,-73.87639,https://en.wikipedia.org/wiki/90th_Street%E2%80%93Elmhurst_Avenue_(IRT_Flushing_Line)
FRANKLIN AVE/EASTERN PKWY,40.670711,-73.958545,https://en.wikipedia.org/wiki/Franklin_Avenue/Botanic_Garden_(New_York_City_Subway)
KINGSTON AVE/EASTERN PKWY,40.669376,-73.942151,https://en.wikipedia.org/wiki/Kingston_Avenue_(IRT_Eastern_Parkway_Line)
BROAD STREET & WALL STREET,40.705,-74.0116,https://en.wikipedia.org/wiki/Broad_Street_(Manhattan)
175TH STREET/FT WASHINGTON,40.846541,-73.940091,https://en.wikipedia.org/wiki/175th_Street_(IND_Eighth_Avenue_Line)
SUTPHIN BLVD-HILLSIDE AVE,40.705726,-73.809714,https://en.wikipedia.org/wiki/Sutphin_Boulevard_(IND_Queens_Boulevard_Line)
BERGEN STREET-SMITH STREET,40.6872528,-73.9900056,https://en.wikipedia.org/wiki/Bergen_Street_(IND_Culver_Line)
KINGS HIGHWAY-MCDONALD AVE,40.6031861,-73.9723444,https://en.wikipedia.org/wiki/Kings_Highway_(IND_Culver_Line)
23RD STREET-PARK AVE SOUTH,40.740169,-73.98644,https://en.wikipedia.org/wiki/23rd_Street_(IRT_Lexington_Avenue_Line)
125TH STREET-LEXINGTON AVE,40.804259,-73.937473,https://en.wikipedia.org/wiki/125th_Street_(IRT_Lexington_Avenue_Line)
MOSHOLU PARKWAY-JEROME AVE,40.879711,-73.884687,https://en.wikipedia.org/wiki/Mosholu_Parkway_(IRT_Jerome_Avenue_Line)
HUNTERS PT AVE-49TH AVE,40.7423806,-73.9492583,https://en.wikipedia.org/wiki/Hunters_Point_Avenue_(IRT_Flushing_Line)
NEWKIRK AVE-NOSTRAND AVE,40.639912,-73.94846,https://en.wikipedia.org/wiki/Newkirk_Avenue_(IRT_Nostrand_Avenue_Line)
SHEEPSHEAD BAY ROAD,40.587168,-73.953266,https://en.wikipedia.org/wiki/Sheepshead_Bay_(BMT_Brighton_Line)
MYRTLE AVE-GATES AVENUE,40.699678,-73.911776,https://en.wikipedia.org/wiki/Myrtle_Avenue_(BMT_Jamaica_Line)
WEST 4TH ST-WASHINGTON SQ,40.731682,-74.000945,https://en.wikipedia.org/wiki/West_Fourth_Street%E2%80%93Washington_Square_(New_York_City_Subway)
CANAL STREET-LISPENARD ST,40.721703,-74.005134,
QUEENS PLAZA-JACKSON AVE,40.748915,-73.937387,https://en.wikipedia.org/wiki/Queens_Plaza_(IND_Queens_Boulevard_Line)
71ST AVE-CONTINENTAL AVE,40.721404,-73.844004,https://en.wikipedia.org/wiki/Forest_Hills%E2%80%9371st_Avenue_(IND_Queens_Boulevard_Line)
ESSEX ST-DELANCEY ST,40.71851,-73.988199,https://en.wikipedia.org/wiki/Delancey_Street/Essex_Street_(New_York_City_Subway)
96TH STREET-LEXINGTON AVE,40.785773,-73.950949,https://en.wikipedia.org/wiki/96th_Street_(IRT_Lexington_Avenue_Line)
241ST ST-WHITE PLAINS RD,40.903,-73.85,https://en.wikipedia.org/wiki/Wakefield%E2%80%93241st_Street_(IRT_White_Plains_Road_Line)
HUNTS PT AVE-SOUTHERN BLVD,40.820565,-73.89164,https://en.wikipedia.org/wiki/Hunts_Point_Avenue_(IRT_Pelham_Line)
61ST STREET-ROOSEVELT AVE,40.7456083,-73.9029667,https://en.wikipedia.org/wiki/61st_Street%E2%80%93Woodside_(IRT_Flushing_Line)
PARKSIDE AVE-OCEAN AVE,40.65535,-73.961651,https://en.wikipedia.org/wiki/Parkside_Avenue_(BMT_Brighton_Line)
NEWKIRK PLAZA,40.6357,-73.963,https://en.wikipedia.org/wiki/Newkirk_Plaza_(BMT_Brighton_Line)
AVENUE U-EAST 16TH STREET,40.598875,-73.955841,https://en.wikipedia.org/wiki/Avenue_U_(BMT_Brighton_Line)
STILLWELL AVE-CONEY ISLAND,40.5773417,-73.981139,https://en.wikipedia.org/wiki/Coney_Island%E2%80%93Stillwell_Avenue_(New_York_City_Subway)
ROCKAWAY PKWY-GLENWOOD RD,40.645382,-73.902626,https://en.wikipedia.org/wiki/Canarsie%E2%80%93Rockaway_Parkway_(BMT_Canarsie_Line)
UTICA AVE-STUYVESANT AVE,40.679239,-73.929062,https://en.wikipedia.org/wiki/Utica_Avenue_(IND_Fulton_Street_Line)
TREMONT AVE-179TH ST,40.849463,-73.905973,https://en.wikipedia.org/wiki/Tremont_Avenue_(IND_Concourse_Line)
KINGSBRIDGE RD-196TH ST,40.866146,-73.894343,https://en.wikipedia.org/wiki/Kingsbridge_Road_(IND_Concourse_Line)
BEDFORD PARK BLVD-203RD ST,40.872507,-73.887906,https://en.wikipedia.org/wiki/Bedford_Park_Boulevard_(IND_Concourse_Line)
205TH ST-BAINBRIDGE AVE,40.874908,-73.879452,https://en.wikipedia.org/wiki/Norwood%E2%80%93205th_Street_(IND_Concourse_Line)
UNION TURNPIKE-KEW GARDENS,40.714151,-73.830786,https://en.wikipedia.org/wiki/Kew_Gardens%E2%80%93Union_Turnpike_(IND_Queens_Boulevard_Line)
116TH STREET-COLUMBIA,40.808,-73.964,https://en.wikipedia.org/wiki/116th_Street%E2%80%93Columbia_University_(IRT_Broadway%E2%80%93Seventh_Avenue_Line)
ASTOR PLACE-4 AVENUE,40.72972,-73.99167,https://en.wikipedia.org/wiki/Astor_Place_(IRT_Lexington_Avenue_Line)
KINGSBRIDGE RD-JEROME AVE,40.867444,-73.897433,https://en.wikipedia.org/wiki/Kingsbridge_Road_(IRT_Jerome_Avenue_Line)
ELDER AVE-WESTCHESTER AVE,40.828553,-73.879194,https://en.wikipedia.org/wiki/Elder_Avenue_(IRT_Pelham_Line)
14TH STREET-6TH AVENUE,40.737328,-73.996796,https://en.wikipedia.org/wiki/14th_Street/Sixth_Avenue_(New_York_City_Subway)
66TH STREET-BROADWAY,40.774,-73.982,https://en.wikipedia.org/wiki/66th_Street%E2%80%93Lincoln_Center_(IRT_Broadway%E2%80%93Seventh_Avenue_Line)
TOMPKINSVILLE,40.6368,-74.0748,https://en.wikipedia.org/wiki/Tompkinsville_station
79TH STREET-BROADWAY,40.784,-73.98,https://en.wikipedia.org/wiki/79th_Street_(IRT_Broadway%E2%80%93Seventh_Avenue_Line)
86TH STREET-BROADWAY,40.7883,-73.9764,https://en.wikipedia.org/wiki/86th_Street_(IRT_Broadway%E2%80%93Seventh_Avenue_Line)
96TH STREET-BROADWAY,40.7941,-73.972,https://en.wikipedia.org/wiki/96th_Street_(IRT_Broadway%E2%80%93Seventh_Avenue_Line)
137TH STREET-BROADWAY,40.821,-73.954,https://en.wikipedia.org/wiki/137th_Street%E2%80%93City_College_(IRT_Broadway%E2%80%93Seventh_Avenue_Line)
14TH STREET-UNION SQUARE,40.73472,-73.99028,https://en.wikipedia.org/wiki/14th_Street%E2%80%93Union_Square_(New_York_City_Subway)
7TH AVENUE-PARK PLACE,40.679352,-73.973694,https://en.wikipedia.org/wiki/Seventh_Avenue_(BMT_Brighton_Line)
BRIGHTON BEACH-CONEY ISLAND,40.577598,-73.961565,https://en.wikipedia.org/wiki/Brighton_Beach_(BMT_Brighton_Line)
207TH STREET-BROADWAY,40.8644,-73.9189,https://en.wikipedia.org/wiki/207th_Street_(IRT_Broadway%E2%80%93Seventh_Avenue_Line)
181ST STREET-FT WASH AVE,40.8517,-73.938,https://en.wikipedia.org/wiki/181st_Street_(IND_Eighth_Avenue_Line)
8TH AVENUE-14TH STREET,40.739779,-74.002533,https://en.wikipedia.org/wiki/14th_Street/Eighth_Avenue_(New_York_City_Subway)
33RD STREET-PARK AVENUE,40.74639,-73.98194,https://en.wikipedia.org/wiki/33rd_Street_(IRT_Lexington_Avenue_Line)
68TH STREET-HUNTER COLLEGE,40.767834,-73.964124,https://en.wikipedia.org/wiki/68th_Street%E2%80%93Hunter_College_(IRT_Lexington_Avenue_Line)
77TH STREET-LEXINGTON AVE,40.773587,-73.959875,https://en.wikipedia.org/wiki/77th_Street_(IRT_Lexington_Avenue_Line)
86TH STREET-LEXINGTON AVE,40.779469,-73.955626,https://en.wikipedia.org/wiki/86th_Street_(IRT_Lexington_Avenue_Line)
103RD STREET-LEXINGTON AVE,40.79029,-73.947687,https://en.wikipedia.org/wiki/103rd_Street_(IRT_Lexington_Avenue_Line)
110TH STREET-LEXINGTON AVE,40.794773,-73.944426,https://en.wikipedia.org/wiki/110th_Street_(IRT_Lexington_Avenue_Line)
116TH STREET-LEXINGTON AVE,40.798607,-73.942022,https://en.wikipedia.org/wiki/116th_Street_(IRT_Lexington_Avenue_Line)
BEDFORD PARK BLVD-JEROME AV,40.873545,-73.889837,https://en.wikipedia.org/wiki/Bedford_Park_Boulevard%E2%80%93Lehman_College_(IRT_Jerome_Avenue_Line)
CORTELYOU RD-EAST 16TH ST,40.641597,-73.9643,https://en.wikipedia.org/wiki/Cortelyou_Road_(BMT_Brighton_Line)
DYCKMAN STREET-BROADWAY,40.865487,-73.927271,https://en.wikipedia.org/wiki/Dyckman_Street_(IRT_Broadway%E2%80%93Seventh_Avenue_Line)
86TH ST-CENTRAL PARK WEST,40.785286,-73.969316,https://en.wikipedia.org/wiki/86th_Street_(IND_Eighth_Avenue_Line)
81ST STREET-MUSEUM,40.781971,-73.971763,https://en.wikipedia.org/wiki/81st_Street%E2%80%93Museum_of_Natural_History_(IND_Eighth_Avenue_Line)
50TH STREET-8TH AVENUE,40.762276,-73.986139,https://en.wikipedia.org/wiki/50th_Street_(IND_lines)
CHRISTOPHER ST-SHERIDAN SQ,40.733,-74.003,https://en.wikipedia.org/wiki/Christopher_Street%E2%80%93Sheridan_Square_(IRT_Broadway%E2%80%93Seventh_Avenue_Line)
23RD STREET-7TH AVENUE,40.744,-73.996,https://en.wikipedia.org/wiki/23rd_Street_(IRT_Broadway%E2%80%93Seventh_Avenue_Line)
103RD STREET-BROADWAY,40.799419,-73.968158,https://en.wikipedia.org/wiki/103rd_Street_(IRT_Broadway%E2%80%93Seventh_Avenue_Line)
110TH STREET-BROADWAY,40.804,-73.967,https://en.wikipedia.org/wiki/Cathedral_Parkway%E2%80%93110th_Street_(IRT_Broadway%E2%80%93Seventh_Avenue_Line)
157TH STREET-BROADWAY,40.834,-73.944,https://en.wikipedia.org/wiki/157th_Street_(IRT_Broadway%E2%80%93Seventh_Avenue_Line)
BLEECKER ST-LAFAYETTE ST,40.72583,-73.99472,https://en.wikipedia.org/wiki/Broadway%E2%80%93Lafayette_Street/Bleecker_Street_(New_York_City_Subway)
161ST STREET-YANKEE STADIUM,40.827937,-73.925886,https://en.wikipedia.org/wiki/161st_Street%E2%80%93Yankee_Stadium_(New_York_City_Subway)
PROSPECT PARK-EMPIRE BLVD,40.661507,-73.962461,https://en.wikipedia.org/wiki/Prospect_Park_(BMT_lines)
36TH STREET-4TH AVENUE,40.65445,-74.00455,https://en.wikipedia.org/wiki/36th_Street_(BMT_Fourth_Avenue_Line)
NOSTRAND AVE-FULTON ST,40.680345,-73.949575,https://en.wikipedia.org/wiki/Nostrand_Avenue_(IND_Fulton_Street_Line)
KINGSTON AVE-THROOP AVE,40.679857,-73.940606,https://en.wikipedia.org/wiki/Kingston%E2%80%93Throop_Avenues_(IND_Fulton_Street_Line)
EUCLID AVE-PITKIN AVE,40.6754,-73.8719,https://en.wikipedia.org/wiki/Euclid_Avenue_(IND_Fulton_Street_Line)
WOODHAVEN BLVD-QUEENS BLVD,40.73347,-73.870397,https://en.wikipedia.org/wiki/Woodhaven_Boulevard_(IND_Queens_Boulevard_Line)
63RD DRIVE-REGO PARK,40.73,-73.862,https://en.wikipedia.org/wiki/63rd_Drive%E2%80%93Rego_Park_(IND_Queens_Boulevard_Line)
23RD STREET-6TH AVENUE,40.742933,-73.992877,https://en.wikipedia.org/wiki/23rd_Street_(IND_Sixth_Avenue_Line)
CHURCH AVE-MCDONALD AVE,40.643684,-73.979613,https://en.wikipedia.org/wiki/Church_Avenue_(IND_Culver_Line)
149TH ST-GRAND CONCOURSE,40.8181,-73.9275,https://en.wikipedia.org/wiki/149th_Street%E2%80%93Grand_Concourse_(New_York_City_Subway)
125TH STREET-LENOX AVENUE,40.807,-73.945,https://en.wikipedia.org/wiki/125th_Street_(IRT_Lenox_Avenue_Line)
135TH STREET-LENOX AVENUE,40.814,-73.941,https://en.wikipedia.org/wiki/135th_Street_(IRT_Lenox_Avenue_Line)
103RD ST-ROOSEVELT AVE,40.749825,-73.8627333,https://en.wikipedia.org/wiki/103rd_Street%E2%80%93Corona_Plaza_(IRT_Flushing_Line)
STERLING ST-NOSTRAND AVE,40.663061,-73.950863,https://en.wikipedia.org/wiki/Sterling_Street_(IRT_Nostrand_Avenue_Line)
BEVERLY RD-NOSTRAND AVE,40.645122,-73.94906,https://en.wikipedia.org/wiki/Beverly_Road_(IRT_Nostrand_Avenue_Line)
KINGS HIGHWAY-EAST 16TH ST,40.609229,-73.95884,https://en.wikipedia.org/wiki/Kings_Highway_(BMT_Brighton_Line)
59TH STREET-4TH AVENUE,40.6410778,-74.0181806,https://en.wikipedia.org/wiki/59th_Street_(BMT_Fourth_Avenue_Line)
BAY RIDGE AVE-4TH AVENUE,40.6336778,-74.0238528,https://en.wikipedia.org/wiki/Bay_Ridge_Avenue_(BMT_Fourth_Avenue_Line)
77TH STREET-4TH AVENUE,40.6284972,-74.0259361,https://en.wikipedia.org/wiki/77th_Street_(BMT_Fourth_Avenue_Line)
86TH STREET-4TH AVENUE,40.622694,-74.0283833,https://en.wikipedia.org/wiki/86th_Street_(BMT_Fourth_Avenue_Line)
BAY RIDGE - 95TH STREET,40.616167,-74.031222,https://en.wikipedia.org/wiki/Bay_Ridge%E2%80%9395th_Street_(BMT_Fourth_Avenue_Line)
HOYT ST-SCHERMERHORN ST,40.6890222,-73.9861417,https://en.wikipedia.org/wiki/Hoyt%E2%80%93Schermerhorn_Streets_(New_York_City_Subway)
ELMHURST AVE-BROADWAY,40.741795,-73.88104,https://en.wikipedia.org/wiki/Elmhurst_Avenue_(IND_Queens_Boulevard_Line)
67TH AVENUE-QUEENS BLVD,40.726966,-73.853703,https://en.wikipedia.org/wiki/67th_Avenue_(IND_Queens_Boulevard_Line)
CARROLL ST-PRESIDENT ST,40.6802,-73.9948,https://en.wikipedia.org/wiki/Carroll_Street_(IND_Culver_Line)
167TH STREET-RIVER AVENUE,40.835665,-73.921337,https://en.wikipedia.org/wiki/167th_Street_(IRT_Jerome_Avenue_Line)
177TH STREET-PARKCHESTER,40.83333,-73.860972,https://en.wikipedia.org/wiki/Parkchester_(IRT_Pelham_Line)
46TH ST-BLISS ST,40.7431333,-73.9184028,https://en.wikipedia.org/wiki/46th_Street%E2%80%93Bliss_Street_(IRT_Flushing_Line)
CLARK STREET-HENRY STREET,40.6974,-73.9931,https://en.wikipedia.org/wiki/Clark_Street_(IRT_Broadway%E2%80%93Seventh_Avenue_Line)
HOYT STREET-HOYT STREET,40.690046,-73.985431,https://en.wikipedia.org/wiki/Hoyt_Street_(IRT_Eastern_Parkway_Line)
GUN HILL ROAD-SEYMOUR,40.87017,-73.845806,https://en.wikipedia.org/wiki/Gun_Hill_Road_(IRT_Dyre_Avenue_Line)
RECTOR STREET-CHURCH STREET,40.707733,-74.012971,https://en.wikipedia.org/wiki/Rector_Street_(IRT_Broadway%E2%80%93Seventh_Avenue_Line)
AVENUE J-EAST 16TH STREET,40.625276,-73.961372,https://en.wikipedia.org/wiki/Avenue_J_(BMT_Brighton_Line)
AVENUE M-EAST 16TH STREET,40.618269,-73.95961,https://en.wikipedia.org/wiki/Avenue_M_(BMT_Brighton_Line)
NECK ROAD-EAST 16TH STREET,40.595124,-73.95528,https://en.wikipedia.org/wiki/Neck_Road_(BMT_Brighton_Line)
UNION STREET-4TH AVENUE,40.678108,-73.98391,https://en.wikipedia.org/wiki/Union_Street_(BMT_Fourth_Avenue_Line)
45TH STREET-4TH AVENUE,40.6494472,-74.0093806,https://en.wikipedia.org/wiki/45th_Street_(BMT_Fourth_Avenue_Line)
53RD STREET-4TH AVENUE,40.64361,-74.0155167,https://en.wikipedia.org/wiki/53rd_Street_(BMT_Fourth_Avenue_Line)
50TH STREET-NEW UTRECHT AVE,40.63611,-73.99498,https://en.wikipedia.org/wiki/50th_Street_(BMT_West_End_Line)
BEDFORD AVE-NORTH 7TH ST,40.71772,-73.95756,https://en.wikipedia.org/wiki/Bedford_Avenue_(BMT_Canarsie_Line)
DEKALB AVE-WYCKOFF AVE,40.704294,-73.919277,https://en.wikipedia.org/wiki/DeKalb_Avenue_(BMT_Canarsie_Line)
182ND STREET-183RD STREET,40.856766,-73.900309,https://en.wikipedia.org/wiki/182nd%E2%80%93183rd_Streets_(IND_Concourse_Line)
STEINWAY ST-BROADWAY,40.758668,-73.918934,https://en.wikipedia.org/wiki/Steinway_Street_(IND_Queens_Boulevard_Line)
GREENPOINT AVE,40.730153,-73.954296,https://en.wikipedia.org/wiki/Greenpoint_Avenue_(IND_Crosstown_Line)
GRAND ST-CHRISTIE ST,40.718119,-73.993864,https://en.wikipedia.org/wiki/Grand_Street_(IND_Sixth_Avenue_Line)
15TH ST-PROSPECT PARK WEST,40.6605444,-73.9799833,https://en.wikipedia.org/wiki/15th_Street%E2%80%93Prospect_Park_(IND_Culver_Line)
18TH AVE-MCDONALD AVE,40.629625,-73.9769639,https://en.wikipedia.org/wiki/18th_Avenue_(IND_Culver_Line)
170TH STREET-JEROME AVENUE,40.840178,-73.917732,https://en.wikipedia.org/wiki/170th_Street_(IRT_Jerome_Avenue_Line)
BURNSIDE AVE-JEROME AVE,40.853748,-73.90739,https://en.wikipedia.org/wiki/Burnside_Avenue_(IRT_Jerome_Avenue_Line)
ST LAWRENCE AVE-WEST AVE,40.831573,-73.867307,https://en.wikipedia.org/wiki/St._Lawrence_Avenue_(IRT_Pelham_Line)
PROSPECT AVENUE-4TH AVENUE,40.666789,-73.994079,https://en.wikipedia.org/wiki/Prospect_Avenue_(BMT_Fourth_Avenue_Line)
55TH ST-NEW UTRECHT AVE,40.631892,-73.995709,https://en.wikipedia.org/wiki/55th_Street_(BMT_West_End_Line)
1ST AVENUE-14TH STREET,40.731324,-73.982577,https://en.wikipedia.org/wiki/First_Avenue_(BMT_Canarsie_Line)
GRAHAM AVE-METROPOLITAN AVE,40.714509,-73.944426,https://en.wikipedia.org/wiki/Graham_Avenue_(BMT_Canarsie_Line)
GRAND ST-BUSHWICK AVE,40.711906,-73.940735,https://en.wikipedia.org/wiki/Grand_Street_(BMT_Canarsie_Line)
96TH ST-CENTRAL PARK WEST,40.791622,-73.964725,https://en.wikipedia.org/wiki/96th_Street_(IND_Eighth_Avenue_Line)
HIGH ST-CADMAN PLAZA WEST,40.69889,-73.98972,https://en.wikipedia.org/wiki/High_Street_(IND_Eighth_Avenue_Line)
GRAND AVE-QUEENS BOULEVARD,40.73695,-73.877521,https://en.wikipedia.org/wiki/Grand_Avenue%E2%80%93Newtown_(IND_Queens_Boulevard_Line)
VAN WYCK BLVD-MAIN STREET,40.70969,-73.8196,https://en.wikipedia.org/wiki/Briarwood_(IND_Queens_Boulevard_Line)
NASSAU AVE-MANHATTAN AVE,40.723811,-73.95082,https://en.wikipedia.org/wiki/Nassau_Avenue_(IND_Crosstown_Line)
EAST BROADWAY-MADISON ST,40.714216,-73.990259,https://en.wikipedia.org/wiki/East_Broadway_(IND_Sixth_Avenue_Line)
4TH AVENUE-9TH STREET,40.6709556,-73.9913972,https://en.wikipedia.org/wiki/Fourth_Avenue/Ninth_Street_(New_York_City_Subway)
ROOSEVELT ISLAND,40.759188,-73.953438,https://en.wikipedia.org/wiki/Roosevelt_Island_(IND_63rd_Street_Line)
181ST STREET-ST NICHOLAS AV,40.849,-73.934,https://en.wikipedia.org/wiki/181st_Street_(IRT_Broadway%E2%80%93Seventh_Avenue_Line)
40TH STREET-LOWERY STREET,40.7438111,-73.9241778,https://en.wikipedia.org/wiki/40th_Street%E2%80%93Lowery_Street_(IRT_Flushing_Line)
BEVERLEY ROAD -EAST 15TH ST,40.6446265,-73.964472,https://en.wikipedia.org/wiki/Beverley_Road_station
AVENUE H-EAST 16TH STREET,40.630003,-73.962016,https://en.wikipedia.org/wiki/Avenue_H_(BMT_Brighton_Line)
OCEAN PKWAY-BRIGHTON BCH AV,40.576252,-73.968587,https://en.wikipedia.org/wiki/Ocean_Parkway_(BMT_Brighton_Line)
MONTROSE AVENUE,40.707612,-73.939877,https://en.wikipedia.org/wiki/Montrose_Avenue_(BMT_Canarsie_Line)
HALSEY STREET-WYCKOFF AVE,40.696095,-73.905029,https://en.wikipedia.org/wiki/Halsey_Street_(BMT_Canarsie_Line)
46TH STREET-BROADWAY,40.756685,-73.914256,https://en.wikipedia.org/wiki/46th_Street_(IND_Queens_Boulevard_Line)
METROPOLITAN AVE-LORIMER ST,40.714223,-73.94929,https://en.wikipedia.org/wiki/Metropolitan_Avenue/Lorimer_Street_(New_York_City_Subway)
BEDFORD AVENUE-NOSTRAND AVE,40.689587,-73.953567,https://en.wikipedia.org/wiki/Bedford%E2%80%93Nostrand_Avenues_(IND_Crosstown_Line)
SMITH STREET-9TH STREET,40.67444,-73.99722,https://en.wikipedia.org/wiki/Smith%E2%80%93Ninth_Streets_(IND_Culver_Line)
AVENUE X-MCDONALD AVENUE,40.5901417,-73.974125,https://en.wikipedia.org/wiki/Avenue_X_(IND_Culver_Line)
28TH STREET-7TH AVENUE,40.747,-73.993,https://en.wikipedia.org/wiki/28th_Street_(IRT_Broadway%E2%80%93Seventh_Avenue_Line)
145TH STREET-BROADWAY,40.826,-73.95,https://en.wikipedia.org/wiki/145th_Street_(IRT_Broadway%E2%80%93Seventh_Avenue_Line)
191ST STREET-ST NICHOLAS AV,40.855,-73.929,https://en.wikipedia.org/wiki/191st_Street_(IRT_Broadway%E2%80%93Seventh_Avenue_Line)
183RD STREET-JEROME AVENUE,40.858324,-73.903999,https://en.wikipedia.org/wiki/183rd_Street_(IRT_Jerome_Avenue_Line)
JACKSON AVENUE-VERNON BLVD,40.74264,-73.95391,https://en.wikipedia.org/wiki/Vernon_Boulevard%E2%80%93Jackson_Avenue_(IRT_Flushing_Line)
PRESIDENT ST-NOSTRAND AVE,40.668009,-73.950691,https://en.wikipedia.org/wiki/President_Street_(IRT_Nostrand_Avenue_Line)
25TH STREET-4TH AVENUE,40.6605,-73.998,https://en.wikipedia.org/wiki/25th_Street_(BMT_Fourth_Avenue_Line)
JEFFERSON STREET-WYCKOFF AV,40.706994,-73.923569,https://en.wikipedia.org/wiki/Jefferson_Street_(BMT_Canarsie_Line)
190TH STREET-OVERLOOK TERR,40.858986,-73.93404,https://en.wikipedia.org/wiki/190th_Street_(IND_Eighth_Avenue_Line)
72ND STREET-CENTRAL PK WEST,40.776154,-73.976011,https://en.wikipedia.org/wiki/72nd_Street_(IND_Eighth_Avenue_Line)
SPRING STREET-6TH AVENUE,40.725503,-74.004035,https://en.wikipedia.org/wiki/Spring_Street_(IND_Eighth_Avenue_Line)
LAFAYETTE AVENUE-FULTON ST,40.686268,-73.974466,https://en.wikipedia.org/wiki/Lafayette_Avenue_(IND_Fulton_Street_Line)
CLINTON AVENUE-FULTON ST,40.683176,-73.965883,https://en.wikipedia.org/wiki/Clinton%E2%80%93Washington_Avenues_(IND_Fulton_Street_Line)
MOTT AVENUE-BEACH 22ND ST,40.603983,-73.755426,https://en.wikipedia.org/wiki/Far_Rockaway%E2%80%93Mott_Avenue_station
MYRTLE AVENUE-MARCY AVENUE,40.695455,-73.949149,https://en.wikipedia.org/wiki/Myrtle_Avenue_(BMT_Jamaica_Line)
CLASSON AVENUE-LAFAYETTE AV,40.688839,-73.960047,https://en.wikipedia.org/wiki/Classon_Avenue_(IND_Crosstown_Line)
7TH AVENUE-9TH STREET,40.6668306,-73.9816,https://en.wikipedia.org/wiki/Seventh_Avenue_(IND_Culver_Line)
FT HAMILTON PKY-GREENWOOD,40.6514556,-73.9758556,https://en.wikipedia.org/wiki/Fort_Hamilton_Parkway_(IND_Culver_Line)
HOUSTON STREET-VARICK ST,40.728592,-74.005322,https://en.wikipedia.org/wiki/Houston_Street_(IRT_Broadway%E2%80%93Seventh_Avenue_Line)
33RD STREET-QUEENS BLVD,40.7446167,-73.931306,https://en.wikipedia.org/wiki/33rd_Street%E2%80%93Rawson_Street_(IRT_Flushing_Line)
BAYCHESTER AVE-TILLOTSON,40.87864,-73.838369,https://en.wikipedia.org/wiki/Baychester_Avenue_(IRT_Dyre_Avenue_Line)
34TH STREET - PENN STATION,40.751,-73.991,https://en.wikipedia.org/wiki/34th_Street%E2%80%93Penn_Station_(IRT_Broadway%E2%80%93Seventh_Avenue_Line)
MORGAN AVENUE-HARRISON PL,40.706279,-73.93198,https://en.wikipedia.org/wiki/Morgan_Avenue_(BMT_Canarsie_Line)
WILSON AVENUE-MOFFAT STREET,40.6885,-73.9044,https://en.wikipedia.org/wiki/Wilson_Avenue_(BMT_Canarsie_Line)
163RD ST & AMSTERDAM AVE,40.836866,-73.940134,https://en.wikipedia.org/wiki/163rd_Street%E2%80%93Amsterdam_Avenue_(IND_Eighth_Avenue_Line)
FRANKLIN AVENUE-FULTON ST,40.681126,-73.955712,https://en.wikipedia.org/wiki/Franklin_Avenue%E2%80%93Fulton_Street_(New_York_City_Subway)
NORTHERN BLVD-BROADWAY,40.753239,-73.906918,https://en.wikipedia.org/wiki/Northern_Boulevard_(IND_Queens_Boulevard_Line)
BROADWAY - UNION AVENUE,40.705433,-73.950219,https://en.wikipedia.org/wiki/Broadway_(IND_Crosstown_Line)
2ND AVENUE-HOUSTON STREET,40.723616,-73.991117,https://en.wikipedia.org/wiki/Second_Avenue_(IND_Sixth_Avenue_Line)
YORK STREET-JAY STREET,40.701529,-73.986783,https://en.wikipedia.org/wiki/York_Street_(IND_Sixth_Avenue_Line)
21ST STREET-QUEENSBRIDGE,40.753954,-73.942451,https://en.wikipedia.org/wiki/21st_Street%E2%80%93Queensbridge_(IND_63rd_Street_Line)
RECTOR STREET-GREENWICH ST,40.708,-74.013,https://en.wikipedia.org/wiki/Rector_Street_(IRT_Broadway%E2%80%93Seventh_Avenue_Line)
WTC-CORTLANDT ST,40.7115,-74.012,https://en.wikipedia.org/wiki/WTC_Cortlandt_(IRT_Broadway%E2%80%93Seventh_Avenue_Line)
238TH STREET-BROADWAY,40.8850972,-73.9006083,https://en.wikipedia.org/wiki/238th_Street_(IRT_Broadway%E2%80%93Seventh_Avenue_Line)
138TH ST-GRAND CONCOURSE,40.81303,-73.929963,https://en.wikipedia.org/wiki/138th_Street%E2%80%93Grand_Concourse_(IRT_Jerome_Avenue_Line)
MT EDEN AVENUE-JEROME AVE,40.844268,-73.914814,https://en.wikipedia.org/wiki/Mount_Eden_Avenue_(IRT_Jerome_Avenue_Line)
176TH STREET-JEROME AVENUE,40.848619,-73.911767,https://en.wikipedia.org/wiki/176th_Street_(IRT_Jerome_Avenue_Line)
111TH STREET-ROOSEVELT AVE,40.7517139,-73.8556361,https://en.wikipedia.org/wiki/111th_Street_(IRT_Flushing_Line)
BOWERY STREET-DELANCEY ST,40.720299,-73.994079,https://en.wikipedia.org/wiki/Bowery_(BMT_Nassau_Street_Line)
WEST 6TH STREET-SURF AVENUE,40.5761778,-73.9758,https://en.wikipedia.org/wiki/West_Eighth_Street%E2%80%93New_York_Aquarium_(New_York_City_Subway)
BUSHWICK AVENUE-ABERDEEN ST,40.682851,-73.905158,https://en.wikipedia.org/wiki/Bushwick_Avenue%E2%80%93Aberdeen_Street_(BMT_Canarsie_Line)
103RD ST-CENTRAL PARK WEST,40.79604,-73.96142,https://en.wikipedia.org/wiki/103rd_Street_(IND_Eighth_Avenue_Line)
155TH STREET-8TH AVENUE,40.830348,-73.936726,https://en.wikipedia.org/wiki/155th_Street_(IND_Eighth_Avenue_Line)
FLUSHING AVENUE-MARCY AVE,40.699801,-73.950051,https://en.wikipedia.org/wiki/Flushing_Avenue_(BMT_Jamaica_Line)
LAFAYETTE AV-WASHINGTON AV,40.68812,-73.967583,https://en.wikipedia.org/wiki/Lafayette_Avenue_(IND_Fulton_Street_Line)
FULTON STREET-LAFAYETTE AV,40.686294,-73.9745,https://en.wikipedia.org/wiki/Lafayette_Avenue_(IND_Fulton_Street_Line)
63RD STREET-LEXINGTON AVE,40.764649,-73.966398,https://en.wikipedia.org/wiki/Lexington_Avenue%E2%80%9363rd_Street_(63rd_Street_lines)
CANAL STREET-VARICK STREET,40.722,-74.006,https://en.wikipedia.org/wiki/Canal_Street_(IRT_Broadway%E2%80%93Seventh_Avenue_Line)
18TH STREET-7TH AVENUE,40.741,-73.998,https://en.wikipedia.org/wiki/18th_Street_(IRT_Broadway%E2%80%93Seventh_Avenue_Line)
SPRING STREET-LAFAYETTE ST,40.72222,-73.99722,https://en.wikipedia.org/wiki/Spring_Street_(IRT_Lexington_Avenue_Line)
111TH STREET-LENOX AVENUE,40.798,-73.953,https://en.wikipedia.org/wiki/Central_Park_North%E2%80%93110th_Street_(IRT_Lenox_Avenue_Line)
116TH STREET-LENOX AVENUE,40.802,-73.95,https://en.wikipedia.org/wiki/116th_Street_(IRT_Lenox_Avenue_Line)
WHITLOCK AVE-WESTCHESTER AV,40.827514,-73.886147,https://en.wikipedia.org/wiki/Whitlock_Avenue_(IRT_Pelham_Line)
ZEREGA AVE-WESTCHESTER AVE,40.836769,-73.846793,https://en.wikipedia.org/wiki/Zerega_Avenue_(IRT_Pelham_Line)
52ND STREET-ROOSEVELT AVE,40.7440361,-73.9128639,https://en.wikipedia.org/wiki/52nd_Street_(IRT_Flushing_Line)
WILLETS PT BLVD-ROOSEVELT,40.7545583,-73.8455806,https://en.wikipedia.org/wiki/Mets%E2%80%93Willets_Point_(IRT_Flushing_Line)
MORRIS PARK-PAULDING AVENUE,40.854429,-73.860397,https://en.wikipedia.org/wiki/Morris_Park_(IRT_Dyre_Avenue_Line)
3RD AVENUE-14TH STREET,40.733278,-73.98722,https://en.wikipedia.org/wiki/14th_Street_(IRT_Third_Avenue_Line)
155TH STREET-ST NICHOLAS AV,40.830859,-73.9414,https://en.wikipedia.org/wiki/155th_Street_(IND_Eighth_Avenue_Line)
135TH STREET-ST NICHOLAS AV,40.81709,-73.94803,https://en.wikipedia.org/wiki/135th_Street_(IND_Eighth_Avenue_Line)
116TH STREET-8TH AVENUE,40.804389,-73.955412,https://en.wikipedia.org/wiki/116th_Street_(IND_Eighth_Avenue_Line)
110TH STREET-8TH AVENUE,40.800524,-73.958244,https://en.wikipedia.org/wiki/Cathedral_Parkway%E2%80%93110th_Street_(IND_Eighth_Avenue_Line)
GASTON AVENUE-BEACH 67TH ST,40.59092,-73.79681,https://en.wikipedia.org/wiki/Beach_67th_Street_(IND_Rockaway_Line)
STRAITON AVE-BEACH 60TH ST,40.592395,-73.788536,https://en.wikipedia.org/wiki/Beach_60th_Street_(IND_Rockaway_Line)
FRANK AVENUE-BEACH 44TH ST,40.592928,-73.775986,https://en.wikipedia.org/wiki/Beach_44th_Street_(IND_Rockaway_Line)
EDGEMERE-BEACH 36TH STREET,40.595413,-73.768076,https://en.wikipedia.org/wiki/Beach_36th_Street_(IND_Rockaway_Line)
36TH STREET-NORTHERN BLVD,40.752036,-73.927903,https://en.wikipedia.org/wiki/36th_Street_(IND_Queens_Boulevard_Line)
65TH STREET-BROADWAY,40.7494,-73.8973,https://en.wikipedia.org/wiki/65th_Street_(IND_Queens_Boulevard_Line)
75TH AVENUE-QUEENS BLVD,40.71864,-73.837738,https://en.wikipedia.org/wiki/75th_Avenue_(IND_Queens_Boulevard_Line)
VAN WYCK BLVD-METROPOLITAN,40.701905,-73.81656,https://en.wikipedia.org/wiki/Jamaica%E2%80%93Van_Wyck_(IND_Archer_Avenue_Line)
FRANKLIN STREET-WEST BWAY,40.719,-74.007,https://en.wikipedia.org/wiki/Franklin_Street_(IRT_Broadway%E2%80%93Seventh_Avenue_Line)
145TH STREET-LENOX AVENUE,40.82,-73.936,https://en.wikipedia.org/wiki/145th_Street_(IRT_Lenox_Avenue_Line)
148TH STREET-LENOX AVENUE,40.824,-73.937,https://en.wikipedia.org/wiki/Harlem%E2%80%93148th_Street_(IRT_Lenox_Avenue_Line)
COURT SQ,40.746865,-73.945257,https://en.wikipedia.org/wiki/Court_Square%E2%80%9323rd_Street_(New_York_City_Subway)
69TH STREET-ROOSEVELT AVE,40.7462583,-73.89685,https://en.wikipedia.org/wiki/69th_Street_(IRT_Flushing_Line)
ATLANTIC AV-VAN SINDEREN AV,40.676053,-73.905925,https://en.wikipedia.org/wiki/East_New_York_station
SUTTER AVE-VAN SINDEREN AVE,40.668367,-73.901768,https://en.wikipedia.org/wiki/Sutter_Avenue_(BMT_Canarsie_Line)
LIVONIA AVE-VAN SINDEREN AV,40.663745,-73.90048,https://en.wikipedia.org/wiki/Livonia_Avenue_(BMT_Canarsie_Line)
HEWES STREET-BROADWAY,40.706669,-73.953009,https://en.wikipedia.org/wiki/Hewes_Street_(BMT_Jamaica_Line)
LORIMER STREET-BROADWAY,40.704099,-73.947902,https://en.wikipedia.org/wiki/Lorimer_Street_(BMT_Jamaica_Line)
104TH STREET-LIBERTY AVENUE,40.682233,-73.837352,https://en.wikipedia.org/wiki/104th_Street_(IND_Fulton_Street_Line)
109TH STREET-LIBERTY AVENUE,40.684673,-73.831129,https://en.wikipedia.org/wiki/111th_Street_(IND_Fulton_Street_Line)
LEFFERTS BLVD-LIBERTY AVE,40.686203,-73.82422,https://en.wikipedia.org/wiki/Ozone_Park%E2%80%93Lefferts_Boulevard_(IND_Fulton_Street_Line)
NORTH CONDUIT AVE-COHANCEY,40.668325,-73.834034,https://en.wikipedia.org/wiki/Aqueduct%E2%80%93North_Conduit_Avenue_(IND_Rockaway_Line)
BEACH 25TH STREET-WAVECREST,40.6000611,-73.7614222,https://en.wikipedia.org/wiki/Beach_25th_Street_(IND_Rockaway_Line)
COURT SQ-23 ST,40.7476,-73.9451,https://en.wikipedia.org/wiki/Court_Square%E2%80%9323rd_Street_(New_York_City_Subway)
21ST STREET-JACKSON AVENUE,40.744591,-73.948674,https://en.wikipedia.org/wiki/21st_Street_(IND_Crosstown_Line)
PELHAM PKWY-WHITE PLAINS RD,40.857,-73.868,https://en.wikipedia.org/wiki/Pelham_Parkway_(IRT_White_Plains_Road_Line)
ALLERTON AV-WHITE PLAINS RD,40.865,-73.867,https://en.wikipedia.org/wiki/Allerton_Avenue_(IRT_White_Plains_Road_Line)
BURKE AVE-WHITE PLAINS ROAD,40.871,-73.867,https://en.wikipedia.org/wiki/Burke_Avenue_(IRT_White_Plains_Road_Line)
GUNHILL RD-WHITE PLAINS RD,40.877,-73.867,https://en.wikipedia.org/wiki/Gun_Hill_Road_(IRT_White_Plains_Road_Line)
219TH ST-WHITE PLAINS ROAD,40.883,-73.863,https://en.wikipedia.org/wiki/219th_Street_(IRT_White_Plains_Road_Line)
225TH ST-WHITE PLAINS ROAD,40.888,-73.86,https://en.wikipedia.org/wiki/225th_Street_(IRT_White_Plains_Road_Line)
233RD ST-WHITE PLAINS ROAD,40.893,-73.857,https://en.wikipedia.org/wiki/233rd_Street_(IRT_White_Plains_Road_Line)
9TH AVENUE-39TH STREET,40.646575,-73.994674,https://en.wikipedia.org/wiki/Ninth_Avenue_(BMT_West_End_Line)
FORT HAMILTON PKWY-45TH ST,40.6407,-73.9944,https://en.wikipedia.org/wiki/Fort_Hamilton_Parkway_(BMT_West_End_Line)
71ST STREET-NEW UTRECHT AVE,40.619165,-73.998992,https://en.wikipedia.org/wiki/71st_Street_(BMT_West_End_Line)
79TH STREET-17TH AVENUE,40.613514,-74.000546,https://en.wikipedia.org/wiki/79th_Street_(IRT_Broadway%E2%80%93Seventh_Avenue_Line)
18TH AVENUE-86TH STREET,40.608667,-74.002115,https://en.wikipedia.org/wiki/18th_Avenue_station_(BMT_West_End_Line)
20TH AVENUE-86TH STREET,40.6047,-73.9985,https://en.wikipedia.org/wiki/20th_Avenue_(BMT_West_End_Line)
BAY PARKWAY-86TH STREET,40.602655,-73.994293,https://en.wikipedia.org/wiki/Bay_Parkway_(BMT_West_End_Line)
NEW LOTS AV-VAN SINDEREN AV,40.65884,-73.89919,https://en.wikipedia.org/wiki/New_Lots_Avenue_(IRT_New_Lots_Line)
EAST 105TH ST-FARRAGUT ROAD,40.651308,-73.899021,https://en.wikipedia.org/wiki/East_105th_Street_(BMT_Canarsie_Line)
FLUSHING AVE-BROADWAY,40.700683,-73.941979,https://en.wikipedia.org/wiki/Flushing_Avenue_(BMT_Jamaica_Line)
MYRTLE AVENUE-BROADWAY,40.69694,-73.93528,https://en.wikipedia.org/wiki/Myrtle_Avenue_(BMT_Jamaica_Line)
KOSCIUSZKO STREET-BROADWAY,40.6933,-73.9287,https://en.wikipedia.org/wiki/Kosciuszko_Street_(BMT_Jamaica_Line)
GATES AVENUE-BROADWAY,40.68949,-73.922067,https://en.wikipedia.org/wiki/Gates_Avenue_(BMT_Jamaica_Line)
HALSEY STREET-BROADWAY,40.685682,-73.915458,https://en.wikipedia.org/wiki/Halsey_Street_(BMT_Jamaica_Line)
GRANT AVENUE-PITKIN AVENUE,40.676635,-73.86559,https://en.wikipedia.org/wiki/Grant_Avenue_(IND_Fulton_Street_Line)
HUDSON STREET-78TH STREET,40.67941,-73.859035,https://en.wikipedia.org/wiki/34th_Street%E2%80%93Hudson_Yards_(IRT_Flushing_Line)
BOYD STREET-88TH STREET,40.679857,-73.850968,https://en.wikipedia.org/wiki/88th_Street_(IND_Fulton_Street_Line)
ROCKAWAY BLVD-LIBERTY AVE,40.680459,-73.843703,https://en.wikipedia.org/wiki/Rockaway_Boulevard_(IND_Fulton_Street_Line)
174TH STREET-SOUTHERN BLVD,40.837,-73.888,https://en.wikipedia.org/wiki/174th_Street_(IRT_White_Plains_Road_Line)
EAST TREMONT AVENUE-178 ST,40.84,-73.88,https://en.wikipedia.org/wiki/West_Farms_Square%E2%80%93East_Tremont_Avenue_station
EAST 180TH ST-MORRIS PARK,40.841,-73.874,https://en.wikipedia.org/wiki/East_180th_Street_(IRT_White_Plains_Road_Line)
BRONX PARK EAST,40.849,-73.868,https://en.wikipedia.org/wiki/Bronx_Park_East_(IRT_White_Plains_Road_Line)
8TH AVENUE-62ND STREET,40.6345583,-74.010694,https://en.wikipedia.org/wiki/Eighth_Avenue_(BMT_Sea_Beach_Line)
FORT HAMILTON PARKWAY-62ND,40.6321,-74.006525,https://en.wikipedia.org/wiki/Fort_Hamilton_Parkway_(BMT_Sea_Beach_Line)
18TH AVENUE-62ND STREET,40.620164,-73.989455,https://en.wikipedia.org/wiki/18th_Avenue_(BMT_West_End_Line)
20TH AVENUE-62ND STREET,40.61723,-73.984605,https://en.wikipedia.org/wiki/62nd_Street/New_Utrecht_Avenue_(New_York_City_Subway)
BAY PARKWAY-66TH STREET,40.6128861,-73.9819917,https://en.wikipedia.org/wiki/Bay_Parkway_(BMT_Sea_Beach_Line)
KINGS HIGHWAY-WEST 7TH ST,40.6031472,-73.9802306,https://en.wikipedia.org/wiki/Kings_Highway_(BMT_Sea_Beach_Line)
AVENUE U-WEST 7TH STREET,40.5964944,-73.9789667,https://en.wikipedia.org/wiki/Avenue_U_(BMT_Sea_Beach_Line)
86TH STREET-AVENUE V,40.592862,-73.978235,https://en.wikipedia.org/wiki/86th_Street_(BMT_Fourth_Avenue_Line)
NEW UTRECHT AVENUE-62ND ST,40.626086,-73.997887,https://en.wikipedia.org/wiki/62nd_Street/New_Utrecht_Avenue_(New_York_City_Subway)
25TH AVENUE-86TH STREET,40.598607,-73.987352,https://en.wikipedia.org/wiki/25th_Avenue_(BMT_West_End_Line)
BAY 50TH STREET-STILLWELL,40.5889,-73.98377,https://en.wikipedia.org/wiki/Bay_50th_Street_(BMT_West_End_Line)
CENTRAL AVE-MYRTLE AVE,40.698015,-73.9252,https://en.wikipedia.org/wiki/Central_Avenue_(BMT_Myrtle_Avenue_Line)
SENECA AVENUE-PALMETTO ST,40.702765,-73.907733,https://en.wikipedia.org/wiki/Seneca_Avenue_(BMT_Myrtle_Avenue_Line)
FOREST AVENUE-PUTNAM AVENUE,40.704619,-73.901982,https://en.wikipedia.org/wiki/Forest_Avenue_(BMT_Myrtle_Avenue_Line)
FRESH POND ROAD-68TH AVENUE,40.705953,-73.896704,https://en.wikipedia.org/wiki/Fresh_Pond_Road_(BMT_Myrtle_Avenue_Line)
JACKSON AVENUE-WESTCHESTER,40.8163,-73.908,https://en.wikipedia.org/wiki/Jackson_Avenue_(IRT_White_Plains_Road_Line)
PROSPECT AVENUE-WESTCHESTER,40.819,-73.901,https://en.wikipedia.org/wiki/Prospect_Avenue_(IRT_White_Plains_Road_Line)
INTERVALE 163RD STREET,40.822,-73.897,https://en.wikipedia.org/wiki/Intervale_Avenue_(IRT_White_Plains_Road_Line)
SIMPSON ST-WESTCHESTER AVE,40.824,-73.893,https://en.wikipedia.org/wiki/Simpson_Street_(IRT_White_Plains_Road_Line)
FREEMAN ST-SOUTHERN BLVD,40.83,-73.892,https://en.wikipedia.org/wiki/Freeman_Street_(IRT_White_Plains_Road_Line)
PARK PLACE-FRANKLIN AVENUE,40.674357,-73.957858,https://en.wikipedia.org/wiki/Park_Place_(BMT_Franklin_Avenue_Line)
BOTANIC GARDEN-FRANKLIN AVE,40.670694,-73.959071,https://en.wikipedia.org/wiki/Franklin_Avenue/Botanic_Garden_(New_York_City_Subway)
KNICKERBOCKER AVE-MYRTLE AV,40.698731,-73.918376,https://en.wikipedia.org/wiki/Knickerbocker_Avenue_(BMT_Myrtle_Avenue_Line)
HOWARD BEACH-159TH AVE,40.660445,-73.830316,https://en.wikipedia.org/wiki/Howard_Beach%E2%80%93JFK_Airport_(IND_Rockaway_Line)
BROAD CHANNEL-NOEL ROAD,40.608618,-73.816,https://en.wikipedia.org/wiki/Broad_Channel_(IND_Rockaway_Line)
HOLLAND-BEACH 90TH STREET,40.588095,-73.813499,https://en.wikipedia.org/wiki/Beach_90th_Street_(IND_Rockaway_Line)
PLAYLAND-BEACH 98TH STREET,40.585441,-73.820186,https://en.wikipedia.org/wiki/Beach_98th_Street_(IND_Rockaway_Line)
SEASIDE BEACH-105TH STREET,40.583217,-73.827594,https://en.wikipedia.org/wiki/Beach_105th_Street_(IND_Rockaway_Line)
ROCKAWAY PARK-BEACH 116TH,40.580725,-73.83618,https://en.wikipedia.org/wiki/Rockaway_Park%E2%80%93Beach_116th_Street_(IND_Rockaway_Line)
DITMAS AVE-MCDONALD AVE,40.6362639,-73.9781722,https://en.wikipedia.org/wiki/Ditmas_Avenue_(IND_Culver_Line)
AVENUE I-MCDONALD AVENUE,40.6259222,-73.9762194,https://en.wikipedia.org/wiki/Avenue_I_(IND_Culver_Line)
MCDONALD AVE-22ND AVE,40.620861,-73.9752306,https://en.wikipedia.org/wiki/Bay_Parkway_(IND_Culver_Line)
AVENUE N-MCDONALD AVENUE,40.6150444,-73.9742194,https://en.wikipedia.org/wiki/Avenue_N_(IND_Culver_Line)
AVENUE P-MCDONALD AVENUE,40.6087389,-73.9730139,https://en.wikipedia.org/wiki/Avenue_P_(IND_Culver_Line)
AVENUE U-MCDONALD AVENUE,40.59615,-73.9733194,https://en.wikipedia.org/wiki/Avenue_U_(IND_Culver_Line)
NEPTUNE AVE-MCDONALD AVENUE,40.5803972,-73.9745667,https://en.wikipedia.org/wiki/Neptune_Avenue_(IND_Culver_Line)
MIDDLETOWN ROAD-WESTCHESTER,40.843424,-73.836751,https://en.wikipedia.org/wiki/Middletown_Road_(IRT_Pelham_Line)
BUHRE AVE-WESTCHESTER AVE,40.846995,-73.832331,https://en.wikipedia.org/wiki/Buhre_Avenue_(IRT_Pelham_Line)
PELHAM BAY PARK-BRUCKNER BL,40.852871,-73.827138,https://en.wikipedia.org/wiki/Pelham_Bay_Park_(IRT_Pelham_Line)
PELHAM PKWY-ESPLANADE,40.85813,-73.856063,https://en.wikipedia.org/wiki/Pelham_Parkway_(IRT_Dyre_Avenue_Line)
DYRE AVENUE-LIGHT STREET,40.889055,-73.830614,https://en.wikipedia.org/wiki/Eastchester%E2%80%93Dyre_Avenue_(IRT_Dyre_Avenue_Line)
CHAUNCEY STREET-ROCKAWAY AV,40.682623,-73.910136,https://en.wikipedia.org/wiki/Chauncey_Street_(BMT_Jamaica_Line)
ALABAMA AVENUE-FULTON ST,40.67683,-73.900008,https://en.wikipedia.org/wiki/Alabama_Avenue_(BMT_Jamaica_Line)
VAN SICLEN AVENUE-FULTON ST,40.678047,-73.891724,https://en.wikipedia.org/wiki/Van_Siclen_Avenue_(IND_Fulton_Street_Line)
CLEVELAND STREET-FULTON ST,40.679629,-73.885589,https://en.wikipedia.org/wiki/Cleveland_Street_(BMT_Jamaica_Line)
NORWOOD AVENUE-FULTON ST,40.681582,-73.879151,https://en.wikipedia.org/wiki/Norwood_Avenue_(BMT_Jamaica_Line)
CRESCENT STREET-FULTON ST,40.678182,-73.870685,https://en.wikipedia.org/wiki/Crescent_Street_(BMT_Fulton_Street_Line)
RALPH AVENUE-FULTON STREET,40.678815,-73.92168,https://en.wikipedia.org/wiki/Ralph_Avenue_(IND_Fulton_Street_Line)
ROCKAWAY AVE-HOPKINSON AVE,40.662569,-73.908939,https://en.wikipedia.org/wiki/Rockaway_Avenue_(IND_Fulton_Street_Line)
LIBERTY AVE-PENNSYLVANIA AV,40.674357,-73.896489,https://en.wikipedia.org/wiki/Liberty_Avenue_(IND_Fulton_Street_Line)
VAN SICLEN AVE-PITKIN AVE,40.672697,-73.890266,https://en.wikipedia.org/wiki/Van_Siclen_Avenue_(IND_Fulton_Street_Line)
SHEPHERD AVE-PITKIN AVE,40.674064,-73.880825,https://en.wikipedia.org/wiki/Shepherd_Avenue_(IND_Fulton_Street_Line)
170TH STREET-GRAND CONC.,40.838814,-73.913741,https://en.wikipedia.org/wiki/170th_Street_(IND_Concourse_Line)
238TH ST-WHITE PLAINS ROAD,40.898,-73.854,https://en.wikipedia.org/wiki/Nereid_Avenue_(IRT_White_Plains_Road_Line)
138TH STREET-3RD AVE,40.810963,-73.927217,https://en.wikipedia.org/wiki/Third_Avenue%E2%80%93138th_Street_(IRT_Pelham_Line)
BROOK AVENUE-138TH STREET,40.80754,-73.91932,https://en.wikipedia.org/wiki/Brook_Avenue_(IRT_Pelham_Line)
CYPRESS AVENUE-138TH STREET,40.805526,-73.914514,https://en.wikipedia.org/wiki/Cypress_Avenue_(IRT_Pelham_Line)
EAST 143RD ST-SOUTHERN BLVD,40.808125,-73.907862,https://en.wikipedia.org/wiki/East_143rd_Street%E2%80%93St._Mary%27s_Street_(IRT_Pelham_Line)
EAST 149TH ST-SOUTHERN BLVD,40.812088,-73.904171,https://en.wikipedia.org/wiki/East_149th_Street_(IRT_Pelham_Line)
LONGWOOD AVE-SOUTHERN BLVD,40.816278,-73.896232,https://en.wikipedia.org/wiki/Longwood_Avenue_(IRT_Pelham_Line)
WINTHROP ST-NOSTRAND AVE,40.657039,-73.950262,https://en.wikipedia.org/wiki/Winthrop_Street_(IRT_Nostrand_Avenue_Line)
72ND STREET & BROADWAY,40.7721,-73.9662,https://en.wikipedia.org/wiki/72nd_Street_(Manhattan)
HOYT STREET-FULTON STREET,40.690531,-73.985109,https://en.wikipedia.org/wiki/Hoyt_Street_(IRT_Eastern_Parkway_Line)
MARCY AVENUE-BROADWAY,40.708361,-73.957944,https://en.wikipedia.org/wiki/Marcy_Avenue_(BMT_Jamaica_Line)
BROADWAY LAFAYETTE-BLEECKER,40.725369,-73.995636,https://en.wikipedia.org/wiki/Broadway%E2%80%93Lafayette_Street/Bleecker_Street_(New_York_City_Subway)
CANAL STREET-BROADWAY,40.719403,-74.00188,
CANAL ST-LAFAYETTE ST EAST,40.718441,-74.000544,
AQUEDUCT RACE TRACK,40.672086,-73.835914,https://en.wikipedia.org/wiki/Aqueduct_Racetrack_(IND_Rockaway_Line)
RI TRAMWAY (MANHATTAN),40.761234,-73.963881,https://en.wikipedia.org/wiki/Roosevelt_Island_Tramway
RI TRAMWAY (ROOSEVELT),40.756782,-73.954346,https://en.wikipedia.org/wiki/Roosevelt_Island_Tramway
AIRTRAIN @ HOWARD BEACH,40.660432,-73.83115,https://en.wikipedia.org/wiki/Howard_Beach%E2%80%93JFK_Airport_(IND_Rockaway_Line)
AIRTRAIN JAMAICA CENTER 1,40.699511,-73.808727,https://en.wikipedia.org/wiki/Jamaica_station
PA-PATH WORLD TRADE CNTR,40.7115,-74.0114,https://en.wikipedia.org/wiki/World_Trade_Center_station_(PATH)
PA-PATH THIRTY THIRD ST,40.749111,-73.98824,https://en.wikipedia.org/wiki/33rd_Street_station_(PATH)
PA-PATH TWENTY THIRD ST,40.742893,-73.992865,https://en.wikipedia.org/wiki/23rd_Street_station_(PATH)
PA-PATH EXCHANGE PLACE,40.7162,-74.032981,https://en.wikipedia.org/wiki/Exchange_Place_station_(PATH)
PA-PATH HARRISON,40.739187,-74.155425,https://en.wikipedia.org/wiki/Harrison_station_(PATH)
PA-PATH 14TH STREET,40.737393,-73.996862,https://en.wikipedia.org/wiki/14th_Street_station_(PATH)
PA-PATH PAVONIA/NEWPORT,40.726676,-74.034757,https://en.wikipedia.org/wiki/Newport_station_(PATH)
PA-PATH 9TH STREET,40.73421,-73.998944,https://en.wikipedia.org/wiki/9th_Street_station_(PATH)
PA-PATH CHRISTOPHER ST,40.733602,-74.006821,https://en.wikipedia.org/wiki/Christopher_Street_station_(PATH)
PA-PATH NEWARK,40.73472,-74.16417,https://en.wikipedia.org/wiki/Pennsylvania_Station_(Newark)
PA-PATH HOBOKEN,40.7349,-74.0278,https://en.wikipedia.org/wiki/Hoboken_Terminal
PA-PATH GROVE ST,40.719671,-74.043117,https://en.wikipedia.org/wiki/Grove_Street_station_(PATH)
PA-PATH JOURNAL SQUARE,40.732141,-74.063114,https://en.wikipedia.org/wiki/Journal_Square_Transportation_Center
72ND STREET - 2 AVENUE,40.76889,-73.95833,https://en.wikipedia.org/wiki/72nd_Street_(Second_Avenue_Subway)
86TH STREET - 2 AVENUE,40.777861,-73.95175,https://en.wikipedia.org/wiki/86th_Street_(Second_Avenue_Subway)
96TH STREET - 2 AVENUE,40.7841,-73.9472,https://en.wikipedia.org/wiki/96th_Street_(Second_Avenue_Subway)
167TH ST-GRAND CONCOURSE,40.8345,-73.9177,https://en.wikipedia.org/wiki/167th_Street_station_(IND_Concourse_Line)
174TH-175TH ST-GRAND CONCOU,40.845892,-73.910179,https://en.wikipedia.org/wiki/174th%E2%80%93175th_Streets_station
28TH STREET-PARK AVE SOUTH,40.74329,-73.984165,https://en.wikipedia.org/wiki/28th_Street_station_(IRT_Lexington_Avenue_Line)
39TH AVENUE & 31ST STREET,40.752686,-73.932924,https://en.wikipedia.org/wiki/39th_Avenue_station_(BMT_Astoria_Line)
57TH STREET-6TH AVENUE,40.764259,-73.977213,https://en.wikipedia.org/wiki/57th_Street_station_(IND_Sixth_Avenue_Line)
BROADWAY & 31ST STREET,40.761951,-73.925414,https://en.wikipedia.org/wiki/Broadway_station_(BMT_Astoria_Line)
